{
  "split_mode": "noleak",
  "model_name": "PE-DiffWaveNet",
  "best_epoch": 53,
  "best_valid_rmse": 12.570957595519639,
  "best_valid_mae": 8.86290377565101,
  "best_valid_mape": 36.498773871743,
  "test_rmse": 11.33121930200021,
  "test_mae": 7.9323535693735305,
  "test_mape": 31.72093868925806,
  "relative_rmse": 2.7637120248781,
  "relative_mae": 1.9347203827740318,
  "train_scale_max": 410.0,
  "world_size": 1,
  "eval_inference_steps": 50,
  "eval_num_samples": 3,
  "eval_t_start_ratio": 0.25,
  "use_diffusion": 1,
  "use_pe_graph": 1,
  "use_pe_film": 1,
  "pe_source": "train",
  "pe_graph_alpha": 1.0,
  "pe_film_scale": 1.0,
  "pe_film_zero_init": 0,
  "normalize_pe_features": 1,
  "pe_shuffle_seed": -1,
  "pe_adaptive_loss": 0,
  "pe_loss_weight": 0.15,
  "pe_loss_start_step": 4,
  "pe_loss_normalize": 1,
  "per_step_rmse": [
    6.7425225024597495,
    9.261400333278715,
    10.880053167117357,
    12.065824011987687,
    13.185347363837058,
    14.189115133724796
  ],
  "per_step_mae": [
    4.751366624182697,
    6.495170924213496,
    7.764743232941166,
    8.698416475049001,
    9.544648535810175,
    10.339775624044645
  ],
  "step4_6_rmse_avg": 13.146762169849849,
  "peak_mode": "percentile",
  "peak_threshold": 65.99999815225601,
  "peak_count": 36556,
  "peak_ratio": 0.1000520020800832,
  "rmse_peak": 13.762959509507704,
  "mae_peak": 9.288490227391915
}