{
  "split_mode": "noleak",
  "model_name": "PE-DiffWaveNet",
  "best_epoch": 32,
  "best_valid_rmse": 12.363912001513174,
  "best_valid_mae": 8.67417580066437,
  "best_valid_mape": 35.73058635745071,
  "test_rmse": 11.180729390221765,
  "test_mae": 7.935971747116411,
  "test_mape": 31.87388360969991,
  "relative_rmse": 2.727007168346772,
  "relative_mae": 1.9356028651503443,
  "train_scale_max": 410.0,
  "world_size": 1,
  "eval_inference_steps": 50,
  "eval_num_samples": 3,
  "eval_t_start_ratio": 0.25,
  "use_diffusion": 1,
  "use_pe_graph": 1,
  "use_pe_film": 1,
  "pe_source": "train",
  "pe_graph_alpha": 1.0,
  "pe_film_scale": 1.0,
  "pe_film_zero_init": 0,
  "normalize_pe_features": 1,
  "pe_shuffle_seed": -1,
  "pe_adaptive_loss": 0,
  "pe_loss_weight": 0.15,
  "pe_loss_start_step": 4,
  "pe_loss_normalize": 1,
  "per_step_rmse": [
    6.812245014560091,
    9.427762877681703,
    11.083656744230865,
    12.110000890685123,
    12.782725674904878,
    13.485741325259763
  ],
  "per_step_mae": [
    4.882663523621377,
    6.754651173065229,
    8.065340650917637,
    8.802028661713969,
    9.255068663278387,
    9.85607781010186
  ],
  "step4_6_rmse_avg": 12.792822630283254,
  "peak_mode": "percentile",
  "peak_threshold": 65.99999815225601,
  "peak_count": 36028,
  "peak_ratio": 0.10244249196735762,
  "rmse_peak": 12.336794425141852,
  "mae_peak": 8.0615250388144
}