{
  "split_mode": "noleak",
  "model_name": "PE-DiffWaveNet",
  "best_epoch": 28,
  "best_valid_rmse": 13.533270417521248,
  "best_valid_mae": 9.873735719983586,
  "best_valid_mape": 43.15685182512665,
  "test_rmse": 11.711963678354293,
  "test_mae": 8.54129525072076,
  "test_mape": 36.50339079050963,
  "relative_rmse": 2.8565765069156814,
  "relative_mae": 2.083242744078234,
  "train_scale_max": 410.0,
  "world_size": 1,
  "eval_inference_steps": 50,
  "eval_num_samples": 3,
  "eval_t_start_ratio": 0.25,
  "use_diffusion": 1,
  "use_pe_graph": 1,
  "use_pe_film": 1,
  "pe_source": "train",
  "pe_graph_alpha": 1.0,
  "pe_film_scale": 1.0,
  "pe_film_zero_init": 0,
  "normalize_pe_features": 1,
  "pe_shuffle_seed": -1,
  "pe_adaptive_loss": 0,
  "pe_loss_weight": 0.15,
  "pe_loss_start_step": 4,
  "pe_loss_normalize": 1,
  "per_step_rmse": [
    7.47936533833375,
    9.708534996119669,
    11.077782062188959,
    12.427650173235943,
    13.49893490017063,
    14.609552145725106
  ],
  "per_step_mae": [
    5.6471666858993235,
    7.253821519482724,
    8.225053591486994,
    9.23276828607782,
    10.036300015097789,
    10.852661406279916
  ],
  "step4_6_rmse_avg": 13.512045739710558,
  "peak_mode": "percentile",
  "peak_threshold": 64.99999910593033,
  "peak_count": 41597,
  "peak_ratio": 0.11175680395475672,
  "rmse_peak": 12.277479989588574,
  "mae_peak": 8.082054015556418
}