{
  "split_mode": "noleak",
  "model_name": "PE-DiffWaveNet",
  "best_epoch": 23,
  "best_valid_rmse": 11.72155992155828,
  "best_valid_mae": 8.163044885718291,
  "best_valid_mape": 33.698775093313834,
  "test_rmse": 10.706469418528274,
  "test_mae": 7.4107610577644865,
  "test_mape": 30.342965867065374,
  "relative_rmse": 2.611334004519091,
  "relative_mae": 1.8075026970157286,
  "train_scale_max": 410.0,
  "world_size": 1,
  "eval_inference_steps": 50,
  "eval_num_samples": 3,
  "eval_t_start_ratio": 0.25,
  "use_diffusion": 0,
  "use_pe_graph": 1,
  "use_pe_film": 1,
  "pe_source": "train",
  "pe_graph_alpha": 1.0,
  "pe_film_scale": 1.0,
  "pe_film_zero_init": 0,
  "normalize_pe_features": 1,
  "pe_shuffle_seed": -1,
  "pe_adaptive_loss": 0,
  "pe_loss_weight": 0.15,
  "pe_loss_start_step": 4,
  "pe_loss_normalize": 1,
  "per_step_rmse": [
    6.483420479351457,
    8.78310745801416,
    10.263097668631918,
    11.41084764563619,
    12.415637750002222,
    13.375594500474005
  ],
  "per_step_mae": [
    4.543261974718054,
    6.156625327377364,
    7.26978514215358,
    8.103276933926876,
    8.842493523166409,
    9.549123445244625
  ],
  "step4_6_rmse_avg": 12.400693298704141,
  "peak_mode": "percentile",
  "peak_threshold": 65.99999815225601,
  "peak_count": 36556,
  "peak_ratio": 0.1000520020800832,
  "rmse_peak": 13.952695304639638,
  "mae_peak": 9.517671538140386
}