{
  "split_mode": "noleak",
  "model_name": "PE-DiffWaveNet",
  "best_epoch": 82,
  "best_valid_rmse": 6.61183229409889,
  "best_valid_mae": 4.493428710943733,
  "best_valid_mape": 19.30475232130141,
  "test_rmse": 6.16719519571137,
  "test_mae": 4.146534073763972,
  "test_mape": 17.922317929650188,
  "relative_rmse": 1.504193950173505,
  "relative_mae": 1.0113497740887736,
  "train_scale_max": 410.0,
  "world_size": 1,
  "eval_inference_steps": 50,
  "eval_num_samples": 3,
  "eval_t_start_ratio": 0.25,
  "use_diffusion": 1,
  "use_pe_graph": 1,
  "use_pe_film": 1,
  "pe_source": "train",
  "pe_graph_alpha": 1.0,
  "pe_film_scale": 1.0,
  "pe_film_zero_init": 0,
  "normalize_pe_features": 1,
  "pe_shuffle_seed": -1,
  "pe_adaptive_loss": 0,
  "pe_loss_weight": 0.15,
  "pe_loss_start_step": 4,
  "pe_loss_normalize": 1,
  "per_step_rmse": [
    6.16719519571137
  ],
  "per_step_mae": [
    4.146534073763972
  ],
  "step4_6_rmse_avg": null,
  "peak_mode": "percentile",
  "peak_threshold": 64.99999910593033,
  "peak_count": 6882,
  "peak_ratio": 0.11213948183151377,
  "rmse_peak": 6.115958143703072,
  "mae_peak": 3.5389882231830025
}