{
  "split_mode": "noleak",
  "model_name": "PE-DiffWaveNet",
  "best_epoch": 22,
  "best_valid_rmse": 15.685397001494703,
  "best_valid_mae": 11.321087555193637,
  "best_valid_mape": 45.79847948928097,
  "test_rmse": 14.15329635746424,
  "test_mae": 10.177640755753345,
  "test_mape": 38.27850608151407,
  "relative_rmse": 3.452023501820546,
  "relative_mae": 2.482351403842279,
  "train_scale_max": 410.0,
  "world_size": 1,
  "eval_inference_steps": 50,
  "eval_num_samples": 3,
  "eval_t_start_ratio": 0.25,
  "use_diffusion": 1,
  "use_pe_graph": 1,
  "use_pe_film": 1,
  "pe_source": "train",
  "pe_graph_alpha": 1.0,
  "pe_film_scale": 1.0,
  "pe_film_zero_init": 0,
  "normalize_pe_features": 1,
  "pe_shuffle_seed": -1,
  "pe_adaptive_loss": 0,
  "pe_loss_weight": 0.15,
  "pe_loss_start_step": 4,
  "pe_loss_normalize": 1,
  "per_step_rmse": [
    8.200845122467276,
    10.38316335918078,
    11.660135038468013,
    12.940772277634014,
    13.739351332706695,
    14.388325017816868,
    14.71163546070056,
    15.215959473522647,
    15.638353704628814,
    16.178587036395555,
    16.733731892008244,
    17.182241252359297
  ],
  "per_step_mae": [
    6.2087486900795295,
    7.683743096394848,
    8.505675614239493,
    9.45276343130665,
    10.008491706433274,
    10.471766262444579,
    10.735160537265706,
    11.098346660408504,
    11.391810335931748,
    11.798810342330777,
    12.191382025979955,
    12.58499036622509
  ],
  "step4_6_rmse_avg": 15.192106383085855,
  "peak_mode": "percentile",
  "peak_threshold": 65.99999815225601,
  "peak_count": 72725,
  "peak_ratio": 0.1004627711009808,
  "rmse_peak": 18.64937310294084,
  "mae_peak": 12.99582071043551
}