{
  "split_mode": "noleak",
  "model_name": "PE-DiffWaveNet",
  "best_epoch": 49,
  "best_valid_rmse": 12.257222429228294,
  "best_valid_mae": 8.542385696955042,
  "best_valid_mape": 34.41507840070276,
  "test_rmse": 11.04500070116139,
  "test_mae": 7.730439803135619,
  "test_mape": 30.694305789257996,
  "relative_rmse": 2.6939026100393635,
  "relative_mae": 1.8854731227160046,
  "train_scale_max": 410.0,
  "world_size": 1,
  "eval_inference_steps": 50,
  "eval_num_samples": 3,
  "eval_t_start_ratio": 0.25,
  "use_diffusion": 1,
  "use_pe_graph": 0,
  "use_pe_film": 1,
  "pe_source": "train",
  "pe_graph_alpha": 1.0,
  "pe_film_scale": 1.0,
  "pe_film_zero_init": 0,
  "normalize_pe_features": 1,
  "pe_shuffle_seed": -1,
  "pe_adaptive_loss": 0,
  "pe_loss_weight": 0.15,
  "pe_loss_start_step": 4,
  "pe_loss_normalize": 1,
  "per_step_rmse": [
    6.945814085404448,
    9.252143645049951,
    10.627364900546597,
    11.761072346270357,
    12.733615203168773,
    13.590330532711361
  ],
  "per_step_mae": [
    4.997433986251449,
    6.6118885592138215,
    7.558178899158578,
    8.393370671096108,
    9.088826823456486,
    9.732939879637266
  ],
  "step4_6_rmse_avg": 12.695006027383497,
  "peak_mode": "percentile",
  "peak_threshold": 65.99999815225601,
  "peak_count": 36556,
  "peak_ratio": 0.1000520020800832,
  "rmse_peak": 13.624171878132588,
  "mae_peak": 9.046803445269473
}