{
  "split_mode": "noleak",
  "model_name": "PE-DiffWaveNet",
  "best_epoch": 45,
  "best_valid_rmse": 12.38849636366276,
  "best_valid_mae": 8.718539047743125,
  "best_valid_mape": 35.26374466429936,
  "test_rmse": 11.181496683558857,
  "test_mae": 7.79913044848157,
  "test_mape": 31.16155440099464,
  "relative_rmse": 2.7271943130631358,
  "relative_mae": 1.9022269386540416,
  "train_scale_max": 410.0,
  "world_size": 1,
  "eval_inference_steps": 50,
  "eval_num_samples": 3,
  "eval_t_start_ratio": 0.25,
  "use_diffusion": 1,
  "use_pe_graph": 1,
  "use_pe_film": 1,
  "pe_source": "train",
  "pe_graph_alpha": 1.0,
  "pe_film_scale": 1.0,
  "pe_film_zero_init": 0,
  "normalize_pe_features": 1,
  "pe_shuffle_seed": -1,
  "pe_adaptive_loss": 0,
  "pe_loss_weight": 0.15,
  "pe_loss_start_step": 4,
  "pe_loss_normalize": 1,
  "per_step_rmse": [
    6.745132404989727,
    9.21637347409245,
    10.90821204396094,
    11.93661361355525,
    12.914163368745294,
    13.837247098388426
  ],
  "per_step_mae": [
    4.8216754969681075,
    6.5211807942625875,
    7.749366623721521,
    8.527571086325583,
    9.221653357784595,
    9.953335331827041
  ],
  "step4_6_rmse_avg": 12.896008026896324,
  "peak_mode": "percentile",
  "peak_threshold": 65.99999815225601,
  "peak_count": 36556,
  "peak_ratio": 0.1000520020800832,
  "rmse_peak": 13.89206167697988,
  "mae_peak": 9.212336815435938
}