{
  "blh": {
    "min": 9.602813720703125,
    "max": 4985.9970703125
  },
  "d2m": {
    "min": 238.68104553222656,
    "max": 302.5548400878906
  },
  "fsr": {
    "min": 0.10936601459980011,
    "max": 1.1912766695022583
  },
  "kx": {
    "min": -63.787498474121094,
    "max": 43.599021911621094
  },
  "sp": {
    "min": 81962.1171875,
    "max": 103949.625
  },
  "ssr": {
    "min": 3.5999987713086767e-12,
    "max": 3123008.0
  },
  "ssrd": {
    "min": -1.5969915390014648,
    "max": 3623104.0
  },
  "t2m": {
    "min": 247.77635192871094,
    "max": 316.7445983886719
  },
  "tcc": {
    "min": 0.0,
    "max": 1.0
  },
  "tcwv": {
    "min": 0.5494036674499512,
    "max": 87.61988067626953
  },
  "tp": {
    "min": 0.0,
    "max": 0.018800735473632812
  },
  "u10": {
    "min": -9.276611328125,
    "max": 12.567108154296875
  },
  "v10": {
    "min": -10.99774169921875,
    "max": 8.921920776367188
  },
  "zust": {
    "min": 0.0028839108999818563,
    "max": 0.9278321862220764
  }
}