{
  "split_mode": "noleak",
  "model_name": "PE-DiffWaveNet",
  "best_epoch": 16,
  "best_valid_rmse": 11.407029875678875,
  "best_valid_mae": 9.01678628598198,
  "best_valid_mape": 39.28619454121367,
  "test_rmse": 11.355332353476303,
  "test_mae": 9.06068773230856,
  "test_mape": 39.754850685139715,
  "relative_rmse": 2.7695932569454396,
  "relative_mae": 2.209923837148429,
  "train_scale_max": 410.0,
  "world_size": 1,
  "eval_inference_steps": 50,
  "eval_num_samples": 3,
  "eval_t_start_ratio": 0.25,
  "use_diffusion": 1,
  "use_pe_graph": 1,
  "use_pe_film": 1,
  "pe_source": "train",
  "pe_graph_alpha": 1.0,
  "pe_film_scale": 1.0,
  "pe_film_zero_init": 0,
  "normalize_pe_features": 1,
  "pe_shuffle_seed": -1,
  "pe_adaptive_loss": 0,
  "pe_loss_weight": 0.15,
  "pe_loss_start_step": 4,
  "pe_loss_normalize": 1,
  "per_step_rmse": [
    10.759016660178135,
    11.37970462960801,
    11.898596624081534
  ],
  "per_step_mae": [
    9.033501491817045,
    9.032888682397887,
    9.115673022710736
  ],
  "step4_6_rmse_avg": null,
  "peak_mode": "percentile",
  "peak_threshold": 64.99999910593033,
  "peak_count": 20646,
  "peak_ratio": 0.11248774109186009,
  "rmse_peak": 9.756032465939763,
  "mae_peak": 7.258884439174135
}