{
  "split_mode": "noleak",
  "model_name": "PE-DiffWaveNet",
  "best_epoch": 13,
  "best_valid_rmse": 13.581266002788096,
  "best_valid_mae": 10.336154993779704,
  "best_valid_mape": 42.910870538925415,
  "test_rmse": 13.387924829534787,
  "test_mae": 10.11000545098787,
  "test_mape": 41.01382008747374,
  "relative_rmse": 3.2653475193987287,
  "relative_mae": 2.465854988045822,
  "train_scale_max": 410.0,
  "world_size": 1,
  "eval_inference_steps": 50,
  "eval_num_samples": 3,
  "eval_t_start_ratio": 0.25,
  "use_diffusion": 1,
  "use_pe_graph": 1,
  "use_pe_film": 0,
  "pe_source": "train",
  "pe_graph_alpha": 1.0,
  "pe_film_scale": 1.0,
  "pe_film_zero_init": 0,
  "normalize_pe_features": 1,
  "pe_shuffle_seed": -1,
  "pe_adaptive_loss": 0,
  "pe_loss_weight": 0.15,
  "pe_loss_start_step": 4,
  "pe_loss_normalize": 1,
  "per_step_rmse": [
    8.487788744408201,
    10.549178468891062,
    12.91878551105999,
    13.879738873863259,
    14.337622625378424,
    18.082640030544734
  ],
  "per_step_mae": [
    6.492962518663177,
    8.019750877584022,
    9.967201095554268,
    10.63009063980897,
    11.004101453209632,
    14.545926121107152
  ],
  "step4_6_rmse_avg": 15.433333843262139,
  "peak_mode": "percentile",
  "peak_threshold": 65.99999815225601,
  "peak_count": 36556,
  "peak_ratio": 0.1000520020800832,
  "rmse_peak": 13.423139055558481,
  "mae_peak": 9.406916075635268
}