{
  "split_mode": "noleak",
  "model_name": "PE-DiffWaveNet",
  "best_epoch": 23,
  "best_valid_rmse": 12.473022032874884,
  "best_valid_mae": 9.086215385297756,
  "best_valid_mape": 37.81861694351007,
  "test_rmse": 11.788601931536837,
  "test_mae": 8.54740539277013,
  "test_mape": 36.31285884387282,
  "relative_rmse": 2.8752687637894727,
  "relative_mae": 2.084733022626861,
  "train_scale_max": 410.0,
  "world_size": 1,
  "eval_inference_steps": 50,
  "eval_num_samples": 3,
  "eval_t_start_ratio": 0.25,
  "use_diffusion": 1,
  "use_pe_graph": 1,
  "use_pe_film": 1,
  "pe_source": "train",
  "pe_graph_alpha": 1.0,
  "pe_film_scale": 1.0,
  "pe_film_zero_init": 0,
  "normalize_pe_features": 1,
  "pe_shuffle_seed": 52,
  "pe_adaptive_loss": 0,
  "pe_loss_weight": 0.15,
  "pe_loss_start_step": 4,
  "pe_loss_normalize": 1,
  "per_step_rmse": [
    7.29803418560192,
    9.873830618412686,
    11.21153130867889,
    12.507460988420673,
    13.654636342593468,
    14.645438560700732
  ],
  "per_step_mae": [
    5.418302295240497,
    7.338177381324321,
    8.287612957274991,
    9.238653825595671,
    10.11327041697101,
    10.888415480214286
  ],
  "step4_6_rmse_avg": 13.60251196390496,
  "peak_mode": "percentile",
  "peak_threshold": 65.99999815225601,
  "peak_count": 36556,
  "peak_ratio": 0.1000520020800832,
  "rmse_peak": 11.381919557810935,
  "mae_peak": 7.345761819470785
}