{
  "split_mode": "noleak",
  "model_name": "PE-DiffWaveNet",
  "best_epoch": 25,
  "best_valid_rmse": 12.045412061374899,
  "best_valid_mae": 8.664674773039524,
  "best_valid_mape": 34.460889990495055,
  "test_rmse": 11.212710520643373,
  "test_mae": 8.090188779598577,
  "test_mape": 32.543832762496756,
  "relative_rmse": 2.7348074440593595,
  "relative_mae": 1.973216775511848,
  "train_scale_max": 410.0,
  "world_size": 1,
  "eval_inference_steps": 50,
  "eval_num_samples": 3,
  "eval_t_start_ratio": 0.25,
  "use_diffusion": 1,
  "use_pe_graph": 1,
  "use_pe_film": 1,
  "pe_source": "train",
  "pe_graph_alpha": 1.0,
  "pe_film_scale": 1.0,
  "pe_film_zero_init": 0,
  "normalize_pe_features": 1,
  "pe_shuffle_seed": -1,
  "pe_adaptive_loss": 0,
  "pe_loss_weight": 0.15,
  "pe_loss_start_step": 4,
  "pe_loss_normalize": 1,
  "per_step_rmse": [
    7.540314120885346,
    9.416945805006987,
    10.68603718487275,
    11.84647372410574,
    12.885733332175072,
    13.7201167656139
  ],
  "per_step_mae": [
    5.75649064563232,
    6.899828288458567,
    7.81384337141046,
    8.616465134095824,
    9.362331442374959,
    10.092173795619312
  ],
  "step4_6_rmse_avg": 12.817441273964905,
  "peak_mode": "percentile",
  "peak_threshold": 65.99999815225601,
  "peak_count": 36556,
  "peak_ratio": 0.1000520020800832,
  "rmse_peak": 13.920843052105944,
  "mae_peak": 9.374431732231896
}