{
  "split_mode": "noleak",
  "model_name": "PE-DiffWaveNet",
  "best_epoch": 18,
  "best_valid_rmse": 17.177432458782977,
  "best_valid_mae": 13.166660649101406,
  "best_valid_mape": 53.75016362648957,
  "test_rmse": 16.78860508244954,
  "test_mae": 12.46810061106941,
  "test_mape": 48.415378838429135,
  "relative_rmse": 4.094781727426717,
  "relative_mae": 3.0410001490413197,
  "train_scale_max": 410.0,
  "world_size": 1,
  "eval_inference_steps": 50,
  "eval_num_samples": 3,
  "eval_t_start_ratio": 0.25,
  "use_diffusion": 1,
  "use_pe_graph": 1,
  "use_pe_film": 1,
  "pe_source": "train",
  "pe_graph_alpha": 1.0,
  "pe_film_scale": 1.0,
  "pe_film_zero_init": 0,
  "normalize_pe_features": 1,
  "pe_shuffle_seed": -1,
  "pe_adaptive_loss": 0,
  "pe_loss_weight": 0.15,
  "pe_loss_start_step": 4,
  "pe_loss_normalize": 1,
  "per_step_rmse": [
    8.536282743299981,
    10.348439189634133,
    11.857677082543075,
    13.161313820650962,
    13.952565728455152,
    14.548566328885224,
    15.119525211375837,
    15.777741382505438,
    16.373110065991206,
    16.64463829875702,
    17.150547269650584,
    17.430906831304977,
    17.655220052676853,
    17.86309810611662,
    18.117146655265966,
    18.394739880421678,
    18.654260919742136,
    18.956373011643937,
    19.202236812156304,
    19.24516980306041,
    19.245991818675535,
    19.312202523820304,
    19.349947707217694,
    19.550098514335893
  ],
  "per_step_mae": [
    6.688313431532162,
    7.969384785108672,
    9.035162278800826,
    10.035949557610824,
    10.558943701540064,
    10.97218736561057,
    11.374030349929924,
    11.86346493602517,
    12.28322943506648,
    12.452798520464308,
    12.804089726701001,
    12.964348827352891,
    13.124637361778099,
    13.268241987709652,
    13.452860500800224,
    13.73302289862713,
    13.98433895658052,
    14.252556773637675,
    14.448093386598003,
    14.508458035554634,
    14.628124574314928,
    14.724972084502358,
    14.940898845967245,
    15.166306343852522
  ],
  "step4_6_rmse_avg": 17.414542892509985,
  "peak_mode": "percentile",
  "peak_threshold": 65.99999815225601,
  "peak_count": 143522,
  "peak_ratio": 0.10104052265495199,
  "rmse_peak": 25.35219904092236,
  "mae_peak": 19.64353736322055
}